Brand.Code,Carb.Volume,Fill.Ounces,PC.Volume,Carb.Pressure,Carb.Temp,PSC,PSC.Fill,PSC.CO2,Mnf.Flow,Carb.Pressure1,Fill.Pressure,Hyd.Pressure1,Hyd.Pressure2,Hyd.Pressure3,Hyd.Pressure4,Filler.Level,Filler.Speed,Temperature,Usage.cont,Carb.Flow,Density,MFR,Balling,Pressure.Vacuum,PH,Oxygen.Filler,Bowl.Setpoint,Pressure.Setpoint,Air.Pressurer,Alch.Rel,Carb.Rel,Balling.Lvl
D,5.48,24.03333333,0.27,65.4,134.6,0.19539999999999996,0.4,0.04,-100,116.6,46,0,0,0,96,129.4,7939410.695367224,66,21.66,2950,0.88,264578.2992059206,1.398,-3.8,8.784234046936035,-3.846987509096652,8446.70477753752,45.2,0.9930599680312793,6.56,5.34,1.48
A,5.393333333,23.95333333,0.226666667,63.2,135,0.042,0.22,0.08,-100,118.8,46.2,0,0,0,112,120,8043319.392066751,65.6,17.6,2916,1.5,270575.2423135925,2.942,-4.4,8.799055099487305,-3.5321011709655457,7197.161911225592,46,0.9932420582441408,7.14,5.58,3.04
B,5.293333333,23.92,0.303333333,66.4,140.4,0.068,0.1,0.02,-100,120.2,45.8,0,0,0,98,119.4,8035302.432289879,65.6,24.18,3056,0.9,269840.3098593728,1.448,-4.2,8.767768859863281,-3.0987977122633557,7197.161911225592,46,0.9932420582441408,6.52,5.34,1.46
B,5.266666667,23.94,0.186,64.8,139,0.004,0.2,0.02,-100,124.8,40,0,0,0,127.39999999999998,120.2,507784.6553405025,69,18.12,28,0.74,205475.37870581896,1.056,-4,8.833066940307617,-3.0856728792719013,7197.161911225592,46,0.9932420582441408,6.48,5.5,1.48
B,5.406666667,24.09333333,0.16,69.4,142.2,0.04,0.3,0.06,-100,115,51.4,0,0,0,94,116,8067394.254500205,66.4,21.32,3214,0.88,282620.38780382636,1.398,-4,8.667040824890137,-2.5140123447954856,7197.161911225592,50,0.9932420582441408,6.5,5.38,1.46
B,5.286666667,24.10666667,0.212,73.4,147.2,0.078,0.22,0.08,-100,118.6,46.4,0,0,0,94,120.4,8035302.432289879,66.6,18,3064,0.84,267787.81592611666,1.298,-3.8,8.558666229248047,-2.7645530285599085,7197.161911225592,46,0.9932420582441408,6.5,5.42,1.44
A,5.48,23.93333333,0.243333333,65.2,134.6,0.088,0.14,0,-100,117.6,46.2,0,0,0,108,119.6,8035302.432289879,66.8,17.68,3042,1.48,266180.6389575277,2.894,-4.2,8.83127498626709,-3.19095240342732,7197.161911225592,46,0.9932420582441408,7.18,5.46,3.02
B,5.42,24.06666667,0.122666667,67.4,139,0.076,0.1,0.04,-100,121.4,40,0,0,0,108,131.4,7631737.753089682,69,12.9,1972,1.6,270428.1758687952,3.32,-4.4,8.75933837890625,-2.3547967902294693,7197.161911225592,46,0.9932420582441408,7.16,5.42,3
A,5.406666667,23.92,0.332666667,66.8,138,0.19539999999999996,0.4,0.04,-100,130.54,43.8,0,0,0,110,121,8035302.432289879,65.8,17.7,2502,1.52,274561.1476169988,2.992,-4.4,8.707893371582031,-3.0987977122633557,7197.161911225592,46,0.9932420582441408,7.14,5.44,3.1
D,5.473333333,24.02666667,0.256,72.6,144,0.146,0.1,0.02,-100,126.6,40.8,0,0,0,106,120.8,507784.6553405025,66,22.8,28,1.48,14318.949077515881,2.892,-4.2,8.828725814819336,-2.3547967902294693,7197.161911225592,46,0.9932420582441408,7.78,5.52,3.12
B,5.18,23.89333333,0.343333333,64,140.8,0.19539999999999996,0.34,0.04,-100,121.2,46.6,0,0,0,98,120.2,8035302.432289879,65.4,20.04,3172,0.86,268373.4432244743,1.348,-4.2,8.6286163330078125,-2.7334316120282396,7197.161911225592,46,0.9932420582441408,6.52,5.36,1.38
B,5.26,24.08,0.22,63.2,139.6,0.184,0.26,0.12,-100,117.2,46.2,0,0,0,96,118.4,8035302.432289879,65.8,17.16,3100,0.86,270575.2423135925,1.348,-4.2,8.781073570251465,-3.0556965920826036,7197.161911225592,46,0.9932420582441408,6.5,5.38,1.42
B,5.3,24.06,0.282,65,138.8,0.152,0.12,0,-100,117,45.8,0,0,0,100,119.6,8035302.432289879,65.4,20.52,2926,0.92,270428.1758687952,1.498,-4.8,8.706121444702148,-2.7334316120282396,7197.161911225592,46,0.9932420582441408,6.54,5.28,1.46
B,5.306666667,23.94,0.288666667,63.8,137.2,0.1,0.18,0.02,-100,122,46.4,0,0,0,100,119.8,8059365.303172064,65.6,21.44,2954,0.94,271016.6815098316,1.548,-4.8,8.769837379455566,-3.014362326108086,7197.161911225592,46,0.9930501151412335,6.54,5.22,1.44
C,5.273333333,23.97333333,0.320666667,64.6,140,0.08,0.28,0.1,-100,116.4,46.2,0,0,0,92,120.2,8043319.392066751,67.6,21.08,3074,0.98,272195.61168653576,1.648,-4.2,8.139163970947266,-3.0987977122633557,7197.161911225592,46,0.9930501151412335,6.62,5.26,1.6
X,5.253333333,23.88666667,0.319333333,65,140,0.048,0.26,0.02,-100,125.6,43.4,0,0,0,110,130.4,507784.6553405025,69,18.16,32,0.8,14318.949077515881,1.198,-4.8,8.894798278808594,-1.9485309590693607,7197.161911225592,46,0.9930402345366552,6.52,5.28,1.6
B,5.34,23.98666667,0.253333333,70.4,144.8,0.114,0.12,0,-100,118,45.6,0,0,0,90,119.2,7987284.614499164,66,18.6,3004,0.88,266618.48022500926,1.398,-4,8.370720863342285,-2.293589576925239,7197.161911225592,46,0.9930303261004437,6.5,5.36,1.4
B,5.266666667,23.94,0.274666667,65.4,140.2,0.122,0.42,0.06,-100,116.4,46.2,0,0,0,90,120.6,7963329.667598801,65.8,18.18,3090,0.94,265306.0358015828,1.548,-4.4,8.543514251708984,-2.8298379721822546,7197.161911225592,46,0.9930402345366552,6.52,5.3,1.44
D,5.506666667,23.89333333,0.249333333,68.4,138.6,0.058,0.12,0.02,-100,118,46.2,0,0,0,76,120.2,7979295.635013875,64.2,21.68,2936,1.64,266180.6389575277,3.29,-4.2,8.615572929382324,-1.9485309590693607,7197.161911225592,46,0.9930501151412335,7.76,5.62,3.16
B,5.32,23.96,0.190666667,66.4,140.2,0.038,0.04,0,-100,117.8,45.4,0,0,0,92,120,7979295.635013875,65.4,22.28,2972,0.92,263996.82951554767,1.498,-4.4,8.82103157043457,-3.846987509096652,7197.161911225592,46,0.9930599680312793,6.56,5.38,1.46
B,5.273333333,23.96666667,0.199333333,68.4,141.8,0.008,0.3,0.12,-100,117.2,46,0,0,0,94,120.2,7987284.614499164,65.6,24.02,3094,0.92,267787.81592611666,1.498,-4.4,8.669134140014648,-3.846987509096652,7197.161911225592,46,0.9930501151412335,6.58,5.4,1.46
B,5.533333333,23.98666667,0.246666667,70.4,142.2,0.062,0.08,0.04,-100,121,47.6,0,0,0,118,120,507784.6553405025,67.4,13.56,3154,0.7,14318.949077515881,0.946,-4.4,8.828563690185547,-2.936454480444089,7197.161911225592,46,0.9930203897148375,6.5,5.48,1.36
A,5.426666667,23.98666667,0.255333333,69,140.4,0.122,0.4,0.04,-100,121.2,43.660000000000004,0,0,0,127.39999999999998,131.4,507784.6553405025,66.4,19.32,868,1.56,205475.37870581896,3.092,-4.4,8.832404136657715,-3.846987509096652,7197.161911225592,46,0.9930697933232372,7.08,5.54,3.18
B,5.406666667,23.94,0.329333333,66.2,137.8,0.208,0.46,0.02,-100,130.6,44.6,0,0,0,96,119,8003274.565024487,67,17.52,2592,0.88,267349.0152107481,1.398,-4,9.032482147216797,-3.846987509096652,7197.161911225592,46,0.9930697933232372,6.5,5.46,1.4
B,5.453333333,24.09333333,0.235333333,66.4,136.2,0.072,0.06,0.06,-100,125.2,46.4,0,0,0,94,120.2,8035302.432289879,66.4,20.38,2996,0.9,271311.17419218854,1.448,-4.6,9.105764389038086,-3.758608018768495,7197.161911225592,46,0.9930599680312793,6.5,5.38,1.4
C,5.266666667,23.94666667,0.276666667,64.8,139.2,0.048,0.18,0.02,-100,116.6,46.2,0,0,0,90,120.6,8051340.349027529,66,24.12,3060,0.9,272638.37012276164,1.448,-4.4,8.71678638458252,-3.846987509096652,7197.161911225592,46,0.9930402345366552,6.54,5.32,1.4
C,5.253333333,23.99333333,0.293333333,70.4,146.4,0.04,0.14,0.02,-100,122.2,46,0,0,0,102,119.8,8043319.392066751,66.8,17.54,3136,0.94,274561.1476169988,1.548,-4.2,8.370889663696289,-3.846987509096652,7197.161911225592,46,0.9930402345366552,6.62,5.34,1.52
D,5.5,24.04666667,0.246666667,71,141.8,0.04,0.02,0,-100,120.4,46.4,0,0,0,78,119.4,8035302.432289879,65.6,18.12,3194,1.64,270134.16291012894,3.29,-3.8,8.513872146606445,-1.9485309590693607,7197.161911225592,46,0.9930303261004437,7.74,5.66,3.28
D,5.48,23.89333333,0.224666667,70.4,140.8,0.114,0.34,0.06,-100,120.2,50.4,0,0,0,80,120,8035302.432289879,64.8,16.94,3162,1.66,274264.89594828145,3.34,-3.8,8.650733947753906,-3.846987509096652,7197.161911225592,50,0.9930303261004437,7.74,5.62,3.24
D,5.486666667,23.98,0.306666667,69.6,140,0.19539999999999996,0.16,0.02,-100,122.6,47,0,0,0,78,120.2,8035302.432289879,64.6,17.04,2982,1.66,269106.3768296324,3.34,-4,8.7668609619140625,-3.758608018768495,7197.161911225592,46,0.9930203897148375,7.74,5.62,3.26
D,5.466666667,24.04,0.23,70.2,141.2,0.004,0.1,0.04,-100,120.2,46.6,0,0,0,78,120.4,8035302.432289879,65.4,23.44,3182,1.68,268080.5496213173,3.39,-4,8.688819885253906,-2.7334316120282396,7197.161911225592,46,0.9930303261004437,7.72,5.56,3.28
D,5.46,24.04666667,0.278,70.8,141.8,0.174,0.4,0.1,-100,125.6,40,0,0,0,104,121.8,507784.6553405025,69,19.22,32,1.42,14318.949077515881,2.75,-4.2,9.105534553527832,-3.758608018768495,7197.161911225592,46,0.9930203897148375,7.72,5.58,3.28
B,5.32,24.06,0.268666667,64.4,137,0.068,0.1,0.04,-100,120.4,46.8,0,0,0,104,119.2,8067394.254500205,66,18.04,3190,0.92,268959.71015463094,1.496,-4.2,9.044822692871094,-3.846987509096652,7197.161911225592,46,0.9930501151412335,6.5,5.38,1.5
B,5.313333333,24,0.318666667,64.2,136.8,0.19539999999999996,0.44,0.04,-100,118.2,45.8,0,0,0,100,120.4,8051340.349027529,65.2,22.02,2862,0.9,266180.6389575277,1.448,-4.2,8.790735244750977,-3.846987509096652,7197.161911225592,46,0.9930303261004437,6.5,5.36,1.52
B,5.266666667,23.96,0.28,73.2,149.8,0.04,0.24,0.04,-100,124.6,44.8,0,0,0,102,121,7955352.679669319,65,16.72,3122,0.92,262111.47048197399,1.498,-4,8.629307746887207,-3.347186670109212,7197.161911225592,46,0.99301042526141,6.52,5.34,1.56
A,5.486666667,24.10666667,0.198666667,75,146.4,0.086,0.28,0.04,-100,114.8,46.2,0,0,0,100,120.2,8059365.303172064,65.4,17.76,3048,1.5,268373.4432244743,2.942,-4,8.755908966064453,-3.846987509096652,7197.161911225592,46,0.9930303261004437,7.16,5.44,3
A,5.46,23.98,0.204666667,65.8,136.6,0.01,0.04,0.06,-100,116.8,45.6,0,0,0,100,119.2,8035302.432289879,66.2,17.76,3080,1.5,266326.5460696895,2.942,-3.6,8.681570053100586,-3.846987509096652,7197.161911225592,46,0.9930599680312793,7.14,5.54,3.08
A,5.44,23.92,0.236,69.4,142,0.05,0.16,0.08,-100,116.4,46,0,0,0,98,120.8,8043319.392066751,66.4,21.46,3102,1.52,267641.5090440019,2.992,-3.6,8.595074653625488,-3.846987509096652,7197.161911225592,46,0.9930501151412335,7.14,5.56,3.06
D,5.48,23.90666667,0.178666667,70.4,141,0.09,0.22,0.04,-100,118,46,0,0,0,74,120.8,8043319.392066751,65,19.68,2900,1.7,267934.16278522206,3.44,-4.4,8.7654571533203125,-2.9746560068213634,7197.161911225592,46,0.9930599680312793,7.68,5.58,3.32
D,5.473333333,23.92,0.347333333,74.2,145.2,0.048,0.4,0.08,-100,125.8,46.8,0,0,0,78,123.2,8035302.432289879,65.2,16.74,2880,1.72,277681.44457141,3.49,-4.4,8.904718399047852,-3.014362326108086,7197.161911225592,46,0.9930203897148375,7.7,5.6,3.32
D,5.526666667,23.98666667,0.222,70.8,140.6,0.102,0.24,0.08,-100,132.8,45.6,0,0,0,76,119,8075427.203011801,65.6,16.92,3350,1.72,273672.87233430793,3.49,-4.4,8.890174865722656,-3.19095240342732,7197.161911225592,46,0.9930697933232372,7.7,5.62,3.34
B,5.38,24.06666667,0.288,66.8,139,0.058,0.18,0.04,-100,124.8,46,0,0,0,94,119,8067394.254500205,66,19.32,3020,0.94,259368.09875615212,1.548,-4.6,9.15418815612793,-3.758608018768495,7197.161911225592,46,0.9930893615754153,6.52,5.5,1.38
C,5.313333333,24.10666667,0.314666667,66.4,139.8,0.08,0.1,0.1,-100,133.4,45.8,0,0,0,92,120,7923484.699808631,66.4,20.28,2726,0.9,263851.56203548325,1.448,-5,8.291407585144043,-3.846987509096652,7197.161911225592,46,0.9930599680312793,6.66,5.38,1.34
C,5.346666667,23.95333333,0.321333333,65.6,139.2,0.048,0.22,0.08,-100,130.4,46,0,0,0,90,119,7915527.697808529,68.2,20.88,3276,0.94,267495.24213887885,1.548,-5,8.289799690246582,-3.846987509096652,7197.161911225592,46,0.9930599680312793,6.58,5.4,1.38
B,5.366666667,23.94666667,0.343333333,67.8,141.2,0.076,0.1,0.04,-100,114.6,46.2,0,0,0,100,119.8,8035302.432289879,65.6,19.72,3042,0.94,262256.25823782553,1.548,-5.4,8.92854118347168,-3.758608018768495,7197.161911225592,46,0.9930004326210645,6.56,5.4,1.42
D,5.546666667,23.95333333,0.276,68.2,136.8,0.07,0.14,0.04,-100.2,114,46.2,0,0,0,78,119.8,8043319.392066751,64.6,19.82,3040,1.74,260377.1356198022,3.538,-5,8.940957069396973,-3.347186670109212,7197.161911225592,46,0.9930697933232372,7.7,5.62,3.28
D,5.526666667,23.96666667,0.270666667,71.6,141.4,0.078,0.04,0.04,-100.2,115.6,46.2,0,0,0,76,122.8,8027289.469697066,64,18.78,2950,1.76,287906.2334503329,3.588,-5.2,8.9168548583984375,-3.347186670109212,7197.161911225592,46,0.9930697933232372,7.7,5.62,3.3
B,5.32,23.89333333,0.277333333,67.6,140.4,0.112,0.18,0.08,-100,114.2,45.8,0,0,0,96,119.4,8035302.432289879,65.4,17.34,3032,0.94,277830.46988702123,1.548,-4.8,8.789566993713379,-3.758608018768495,7197.161911225592,46,0.9930203897148375,6.58,5.4,1.48
A,5.42,23.92,0.288666667,74.2,147.6,0.058,0.16,0,-100.2,126.8,46,0,0,0,104,120,8043319.392066751,66.8,21.2,3010,1.62,267056.6812854672,3.242,-5.2,8.854292869567871,-3.758608018768495,7197.161911225592,46,0.9930501151412335,7.12,5.52,3.1
A,5.38,23.93333333,0.304,69.4,143,0.02,0.22,0.04,-100.2,126.8,45.6,0,0,0,112,120.8,8035302.432289879,65.8,18.5,2962,1.56,275154.1306778618,3.092,-4.8,9.224479675292969,-3.758608018768495,7197.161911225592,46,0.9930501151412335,7.14,5.5,3.06
D,5.546666667,23.94,0.438,65.6,133.6,0.19539999999999996,0.12,0.02,-100,117.4,45.8,0,0,0,72,116.6,7931445.698994913,65.4,21.32,3016,1.78,270869.4951341116,3.638,-5.2,8.779115676879883,-2.6739333406523116,7197.161911225592,46,0.9930501151412335,7.7,5.64,3.38
B,5.313333333,23.96666667,0.312,63.4,136.8,0.164,0.28,0.06,-100,119.2,49.8,0,0,0,100,119.6,8035302.432289879,65.6,16.34,3182,0.9,263561.1470063946,1.448,-4.8,8.932044982910156,-3.846987509096652,7197.161911225592,50,0.9930599680312793,6.58,5.38,1.42
B,5.386666667,24.09333333,0.288666667,63,134,0.046,0.3,0.02,-100.2,122.6,54.6,0,0,0,127.39999999999998,115.4,507784.6553405025,65.8,18.98,3740,0.8,14318.949077515881,1.198,-5.2,8.790763854980469,-1.9485309590693607,7197.161911225592,46,0.9930303261004437,6.56,5.38,1.48
B,5.266666667,23.90666667,0.338,63.4,136.4,0.16,0.18,0.06,-100.2,115.4,45.8,0,0,0,96,119.2,8035302.432289879,65.2,19.24,3038,0.9,270281.14940097375,1.448,-5,8.771329879760742,-3.758608018768495,7197.161911225592,46,0.9930697933232372,6.58,5.36,1.48
B,5.286666667,23.98,0.248666667,69,143.8,0.004,0.16,0.12,-100.2,122,45.8,0,0,0,98,120,8035302.432289879,65.2,18.42,2966,0.88,269693.4432994631,1.398,-5,8.806790351867676,-3.758608018768495,7197.161911225592,46,0.9930795911329003,6.58,5.36,1.48
D,5.513333333,24.07333333,0.226,68.8,138.4,0.024,0.12,0.02,-100.2,113.6,46.2,0,0,0,76,120.6,8043319.392066751,65.4,14.04,3002,1.72,287906.2334503329,3.49,-5,8.938908576965332,-3.19095240342732,7197.161911225592,46,0.9930795911329003,7.72,5.58,3.28
C,5.226666667,23.95333333,0.353333333,66.4,142.8,0.15,0.14,0.06,-100,120.6,46.2,0,0,0,98,119.6,7947379.688925409,67.4,21.1,2968,0.94,274561.1476169988,1.548,-5.4,8.903633117675781,-1.9485309590693607,7197.161911225592,46,0.9930501151412335,6.54,5.3,1.32
C,5.38,24.01333333,0.274,68.6,141.6,0.14,0.24,0.04,-100.2,125.6,46,0,0,0,110,120.4,7765104.125383564,66.8,22.9,3054,0.92,255494.44888845834,1.496,-5,8.514301300048828,-2.703243116946098,7197.161911225592,46,0.9930697933232372,6.6,5.4,1.48
B,5.34,23.96666667,0.313333333,69.6,143,0.134,0.32,0.06,-100.2,119,46,0,0,0,102,119.2,7923484.699808631,67.8,16.78,2980,0.86,260521.44365132044,1.348,-5,8.801855087280273,-2.7334316120282396,7197.161911225592,46,0.9930203897148375,6.56,5.42,1.38
B,5.346666667,23.99333333,0.257333333,68,141.2,0.05,0.02,0.02,-100.2,119.2,46.2,0,0,0,96,119.4,7915527.697808529,65.2,20.28,2994,0.86,269546.6167165333,1.348,-4.6,9.034430503845215,-3.19095240342732,7197.161911225592,46,0.9930303261004437,6.56,5.4,1.42
B,5.333333333,24.00666667,0.308,67.4,140.6,0.07,0.02,0.02,-100.2,127,46,0,0,0,98,121.2,7931445.698994913,65.4,14.28,2994,0.82,267202.8282596107,1.248,-4.4,9.069634437561035,-2.864138593143172,7197.161911225592,46,0.9930501151412335,6.54,5.38,1.42
B,5.28,23.96,0.260666667,64.6,138.6,0.094,0.18,0.04,-100.2,119.4,46.4,0,0,0,104,121,7931445.698994913,65,19.88,2988,0.92,265451.703051733,1.498,-4.8,9.01815414428711,-2.864138593143172,7197.161911225592,46,0.9930599680312793,6.54,5.34,1.44
D,5.49,23.82,0.264666667,68.6,138.6,0.018,0.16,0.02,-100.2,126.6,46,0,0,0,84,119.2,7955352.679669319,65.4,21.4,2988,1.62,264142.1369726246,3.24,-4.4,8.985428810119629,-2.39777456160642,7197.161911225592,46,0.9930795911329003,7.72,5.64,3.26
B,5.24,24.09333333,0.152666667,69.2,144.2,0.032,0.12,0.12,-100.2,130.6,45.8,0,0,0,96,119.8,7939410.695367224,64.8,21.82,2996,0.88,263561.1470063946,1.398,-4.4,9.112836837768555,-1.9485309590693607,7197.161911225592,46,0.9930697933232372,6.52,5.42,1.44
B,5.306666667,23.94,0.276666667,62.8,135.4,0.086,0.4,0.04,-100.2,130,46.2,0,0,0,100,120.6,7915527.697808529,65.6,20.56,2988,0.92,269253.08348161716,1.498,-4.2,9.052179336547852,-1.9485309590693607,7197.161911225592,46,0.9930599680312793,6.54,5.4,1.54
B,5.326666667,23.99333333,0.284666667,70,144.8,0.092,0.18,0.02,-100.2,124.8,49.8,0,0,0,102,125.4,507784.6553405025,65.4,24.06,3032,0.98,205475.37870581896,1.648,-4.8,9.083868026733398,-3.014362326108086,7197.161911225592,46,0.9930697933232372,6.52,5.38,1.5
B,5.3,23.95333333,0.321333333,68.6,143.4,0.05,0.06,0,-100.2,122.2,46.2,0,0,0,96,120,7931445.698994913,67.4,24.06,2990,1,261532.71922880778,1.698,-5.4,8.6457672119140625,-1.9485309590693607,7197.161911225592,46,0.9930697933232372,6.54,5.4,1.44
B,5.326666667,23.90666667,0.298666667,66,139.2,0.064,0.3,0.08,-100,124.8,46,0,0,0,98,119.8,7923484.699808631,67.2,24.06,2980,1,263851.56203548325,1.698,-5.4,8.682228088378906,-1.9485309590693607,7197.161911225592,46,0.9930599680312793,6.52,5.42,1.46
B,5.293333333,23.86,0.322,73.4,150,0.034,0.3,0.02,-100.2,121,46.2,0,0,0,98,120.4,7931445.698994913,66.6,19.56,2988,0.98,268666.49673558114,1.646,-5.6,8.62877082824707,-1.9485309590693607,7197.161911225592,46,0.9930402345366552,6.52,5.42,1.44
B,5.16,23.89333333,0.314,61.6,138,0.072,0.12,0.12,-100.2,118.8,46,0,0,0,100,120.2,7939410.695367224,67.2,16.46,3010,0.98,264578.2992059206,1.648,-5.4,8.712254524230957,-1.9485309590693607,7197.161911225592,46,0.9930402345366552,6.5,5.4,1.44
C,5.26,24.06,0.288666667,65.2,138.8,0.068,0.06,0.12,-100,121.8,49.6,0,0,0,120,113.2,507784.6553405025,68.2,23.26,3684,0.74,14318.949077515881,1.048,-5.2,8.77125072479248,-1.9485309590693607,7197.161911225592,48,0.9930501151412335,6.64,5.28,1.32
C,5.213333333,24,0.34,64.6,142.2,0.04,0.2,0.12,-100.2,124.2,48.2,0,0,0,100,119.2,7931445.698994913,65.6,21.14,3064,0.94,267495.24213887885,1.548,-5.4,8.263486862182617,-1.9485309590693607,7197.161911225592,48,0.9930599680312793,6.64,5.32,1.42
D,5.413333333,23.98666667,0.310666667,74.2,147.6,0.01,0.06,0.02,-100.2,124.2,48,0,0,0,80,119.4,7947379.688925409,66.8,23.58,3030,1.82,267787.81592611666,3.738,-5.8,8.546430587768555,-2.4658939562407163,7197.161911225592,48,0.9930991047652858,7.7,5.6,3.32
D,5.5,24.1,0.338666667,71.2,141.4,0.032,0.44,0.04,-100,116,48,0,0,0,76,116.8,7931445.698994913,66,20.1,3104,1.82,259368.09875615212,3.738,-5.8,8.513590812683105,-1.9485309590693607,7197.161911225592,48,0.9930795911329003,7.7,5.62,3.34
A,5.413333333,23.99333333,0.335333333,61.8,132.6,0.098,0.18,0.06,-100.2,120.8,47.8,30.2,33,35,98,110.2,7162697.15386533,65.8,19.88,3156,1.7,236425.83713497815,3.44,-5.6,8.586379051208496,-2.703243116946098,6047.575217310926,48,0.9930599680312793,7.04,5.52,3.26
A,5.34,24.00666667,0.335333333,67.2,140,0.06,0.1,0.1,-100.2,117.2,48,37,34.8,38.6,92,110.4,7931445.698994913,66.2,24.24,3380,1.7,262111.47048197399,3.44,-5.6,8.580415725708008,-2.8298379721822546,6047.575217310926,48,0.9930599680312793,7.1,5.52,3.14
D,5.533333333,23.96,0.292,73,143.4,0.018,0.1,0.02,-100.2,113.2,54.6,34.4,35.6,26.4,82,113.4,6476226.442040555,64.2,16.2,3486,1.8,207145.06075626766,3.686,-5.8,8.64228630065918,-3.1438231538471757,8446.70477753752,50,0.9930501151412335,7.68,5.64,3.36
B,5.26,23.98666667,0.34,68.4,144,0.072,0.08,0,-100,116,54,1.4,3.8,8,116,126,507784.6553405025,66.2,16.26,3568,0.84,14318.949077515881,1.298,-5,8.910526275634766,-2.590800161752162,8446.70477753752,48,0.9930501151412335,6.56,5.38,1.36
D,5.466666667,24.04666667,0.268,71.4,143.2,0.028,0.18,0.06,-100.2,125.8,48,22.4,39.6,31.4,80,120,7177839.699478041,65.4,20.32,3272,1.72,237113.79652486657,3.49,-5.4,8.86724853515625,-2.864138593143172,7197.161911225592,48,0.9930697933232372,7.72,5.62,3.24
D,5.486666667,23.99333333,0.259333333,75.4,147.6,0.038,0.08,0.02,-100,122.2,48,20,38.4,30.8,80,121.6,7185416.968086191,65,22.94,3472,1.78,225420.13561260627,3.638,-5.4,8.864940643310547,-2.9746560068213634,7197.161911225592,48,0.9930599680312793,7.7,5.66,3.3
B,5.24,23.93333333,0.324666667,67.2,142.8,0.072,0.08,0,-100,133.4,46,19.6,39.8,28.4,108,120.2,7185416.968086191,65.4,19.58,3308,0.94,231502.03269287114,1.548,-5.4,8.958005905151367,-2.6739333406523116,7197.161911225592,46,0.9930893615754153,6.56,5.36,1.38
C,5.26,23.96666667,0.326,65,139.6,0.024,0.04,0,-100.2,117,48.2,34.2,30.6,21.8,100,119.8,6900290.794734953,67,16.44,3088,0.8,228653.73979323602,1.196,-4.4,8.92528247833252,-1.9485309590693607,7197.161911225592,48,0.9930599680312793,6.64,5.34,1.26
C,5.213333333,23.78666667,0.398666667,69.8,146.6,0.072,0.26,0.06,-100.2,122.6,47.8,39.6,31.6,23.6,106,120.2,6900290.794734953,67,18,3074,0.78,221943.0496308157,1.146,-4.4,8.945392608642578,-1.9485309590693607,7197.161911225592,48,0.9930599680312793,6.66,5.36,1.26
C,5.2,23.90666667,0.361333333,68.2,145.2,0.014,0.04,0,-100.2,118.2,52.6,39.6,30,19.8,124,117.6,507784.6553405025,66.8,21.16,3530,0.8,14318.949077515881,1.196,-4.4,8.923428535461426,-2.41997237709089,7197.161911225592,48,0.9930697933232372,6.64,5.3,1.32
B,5.226666667,24.04666667,0.262666667,71.2,148.6,0.07,0.22,0.1,-100.2,125.4,42.4,0,0,0,127.39999999999998,121.6,507784.6553405025,69,19.56,252,0.78,205475.37870581896,1.148,-4.2,9.098564147949219,-1.9485309590693607,7197.161911225592,48,0.9930501151412335,6.56,5.66,1.44
B,5.273333333,24.10666667,0.404666667,65.2,140,0.124,0.1,0.02,-100.2,129,42.4,0,0,0,122,120.4,507784.6553405025,65.8,21.8,278,0.84,14318.949077515881,1.298,-5,8.932219505310059,-2.703243116946098,7197.161911225592,48,0.9930402345366552,6.52,5.32,1.42
D,5.506666667,23.98666667,0.259333333,70.6,140.2,0.052,0.1,0.08,-100.2,121.4,46,38.2,30.8,23.2,80,118.6,7592732.194992122,63.8,19.84,2956,1.68,266326.5460696895,3.39,-5,8.866403579711914,-3.0987977122633557,7197.161911225592,46,0.9930697933232372,7.74,5.6,3.18
B,5.266666667,23.88666667,0.348,67.2,141.2,0.03,0.32,0.12,-100,122.8,48,30.8,33,25.2,98,119.6,7230964.520950172,66.6,17.32,3006,0.98,239321.98273735947,1.646,-5.8,8.906060218811035,-2.7334316120282396,7197.161911225592,48,0.9930402345366552,6.56,5.38,1.44
A,5.326666667,23.92,0.266,73.6,149.4,0.11,0.22,0.06,-100.2,122.4,52,0.4,15.2,13.8,120,121.4,507784.6553405025,69,17.74,3824,1.5,14318.949077515881,2.95,-5.8,8.686115264892578,-1.9485309590693607,7197.161911225592,50,0.9932420582441408,7.08,5.32,2.86
B,5.253333333,24.09333333,0.329333333,66,141.4,0.036,0.14,0.04,-100.2,123.2,48,34,30.4,21.4,98,120,7238569.769961859,65.4,16.84,3106,0.92,240152.69105985708,1.498,-5.4,8.900163650512695,-2.5140123447954856,7197.161911225592,48,0.9930991047652858,6.58,5.36,1.4
A,5.34,24.02666667,0.231333333,68,140.6,0.044,0.08,0.12,-100.2,120.8,52.4,34.4,32.2,23.6,94,125.4,7253792.259584679,69,21.54,3858,1.46,242514.1801735734,2.846,-5.2,8.904545783996582,-2.489665520160327,8446.70477753752,50,0.9930991047652858,7.18,5.7,2.84
A,5.66,23.79333333,0.332,76,143.8,0.194,0.22,0.1,-100,122.4,51.8,0,-50,0,98,110.2,507784.6553405025,65.2,20.16,0,0.06,14318.949077515881,3.48,-5.8,8.49531364440918,-5.042683002759868,6047.575217310926,46,0.9930599680312793,6.52,5.46,0
A,5.366666667,23.87333333,0.316666667,77.4,149.34,0.042,0.16,0.02,-100.2,119.2,46,39,34.6,30,122,120.8,6804072.7038782425,69,17.94,2946,1.64,222876.5296762463,3.294,-5.8,8.578516006469727,-1.9485309590693607,7197.161911225592,46,0.9930893615754153,7.1,5.62,3
A,5.46,24.01333333,0.368,66,136.6,0.066,0.32,0.04,-100,122.8,51,0,0.2,0,76,122.2,507784.6553405025,67.6,22.16,44,1.6,14318.949077515881,3.192,-5.8,8.5688629150390625,-1.9485309590693607,7197.161911225592,46,0.9930795911329003,7.12,5.58,3
D,5.54,23.91333333,0.299333333,70.8,140.4,0.04,0.06,0.04,-100.2,120.4,40.6,0,0.2,0,124,125,507784.6553405025,69,19.44,44,1.6,14318.949077515881,3.212,-5.4,8.656871795654297,-1.9485309590693607,7197.161911225592,46,0.9930402345366552,7.7,5.68,3.28
B,5.346666667,23.96666667,0.31,67.6,140.8,0.132,0.22,0.04,-100.2,116.4,46,29.8,34,23.4,96,120,7522774.013565639,65.2,19.38,3078,0.98,245307.19420209198,1.648,-5.4,8.751276969909668,-2.6454526683025854,7197.161911225592,46,0.9930697933232372,6.58,5.4,1.48
D,5.486666667,23.84666667,0.348,73.6,146,0.112,0.38,0.06,-100,122.4,56,0,0.2,0,98,146.6,507784.6553405025,64.4,22.62,46,1.68,14318.949077515881,3.39,-5.6,8.68263053894043,-3.2403912722267334,7197.161911225592,46,0.9930402345366552,7.72,5.6,3.26
B,5.286666667,23.96666667,0.368,67.4,143,0.09,0.04,0.08,-100.2,115.8,46,22.6,35.8,32.6,96,119.6,8043319.392066751,65.8,21.78,3038,0.98,267056.6812854672,1.648,-5.2,8.85635757446289,-2.6739333406523116,7197.161911225592,46,0.9930501151412335,6.58,5.36,1.44
A,5.426666667,24.13333333,0.447333333,60.4,134.6,0.166,0.4,0.12,-100.2,119,51.8,43.2,34.2,34.8,118,120.4,7584943.074949896,66.2,18.24,3256,1.54,247271.8185778622,3.042,-4.6,9.008981704711914,-2.864138593143172,7197.161911225592,52,0.9930303261004437,7.14,5.54,3.04
A,5.406666667,24.09333333,0.317333333,64.4,135.8,0.13,0.32,0.06,-100.2,116.4,51.8,38,35,35,82,118.6,7592732.194992122,66,17.52,3206,1.58,261532.71922880778,3.142,-4.8,9.04237174987793,-2.7334316120282396,7197.161911225592,52,0.9930501151412335,7.1,5.5,3.04
D,5.426666667,23.97333333,0.188,69.2,141.8,0.038,0.3,0.12,-100.2,122.8,46.8,0,0.2,0,114,121,507784.6553405025,69,13.4,42,1.66,14318.949077515881,3.344,-5,8.725922584533691,-2.864138593143172,7197.161911225592,52,0.9930795911329003,7.72,5.44,3.24
D,5.446666667,23.94666667,0.33,70.8,143.2,0.082,0.22,0.06,-100.2,118.2,46,29.2,36.2,33,72,119.4,8075427.203011801,66.2,18.06,3004,1.64,267349.0152107481,3.29,-5,8.826584815979004,-2.2739881307096423,7197.161911225592,46,0.9930501151412335,7.78,5.56,3.1
B,5.293333333,23.86666667,0.28,70.6,145.8,0.04,0.16,0.02,-100.2,116.8,46,25.8,56.4,21.2,98,119.6,7616123.538273993,65.2,17,3132,0.92,253355.01395761612,1.498,-5.2,8.80603313446045,-1.9485309590693607,7197.161911225592,46,0.9930599680312793,6.52,5.38,1.44
B,5.366666667,23.96,0.370666667,64,136.6,0.176,0.2,0.06,-100.2,119.2,46,16.8,27.6,21.4,96,120,7592732.194992122,64.8,18.9,3108,0.9,252359.6892244615,1.448,-5.4,8.760653495788574,-1.9485309590693607,7197.161911225592,46,0.9930501151412335,6.56,5.36,1.36
B,5.36,24.01333333,0.284666667,67.6,141,0.016,0.08,0.04,-100.2,125.4,46,24.6,26.8,20.4,106,119.4,7608322.426654326,65.4,22.48,3178,0.9,249809.27761161418,1.448,-4.8,9.0367889404296875,-2.538962902490172,7197.161911225592,46,0.9930303261004437,6.54,5.36,1.42
B,5.34,23.96666667,0.338666667,62.6,133,0.074,0.18,0.12,-100.2,125,46,32.6,26.6,23.2,104,120,7584943.074949896,64.8,20.16,3174,0.9,252786.0171047756,1.448,-4.8,9.057435989379883,-2.9746560068213634,7197.161911225592,46,0.9930501151412335,6.54,5.4,1.36
C,5.22,24.12666667,0.290666667,71,149.2,0.074,0.02,0.08,-100.2,126,46,32.6,61.4,34.8,102,119.8,7577157.952100461,67,20.98,3286,0.9,249103.12862418377,1.448,-5,8.485883712768555,-1.9485309590693607,7197.161911225592,46,0.9930697933232372,6.56,5.44,1.38
C,5.186666667,23.82,0.333333333,65.4,140.8,0.05,0.2,0.12,-100,121.6,45.8,21.8,24,29.6,94,120.6,8003274.565024487,69,18.44,3234,0.98,264723.76657103834,1.648,-5.4,8.635497093200684,-1.9485309590693607,7197.161911225592,46,0.9930795911329003,6.6,5.32,1.44
C,5.286666667,23.94666667,0.378666667,63.4,136.8,0.094,0.12,0.02,-100,123.4,46.2,11.8,19.4,24.2,96,119.8,7631737.753089682,66.8,20.2,3310,0.94,251224.57386856558,1.548,-5.4,8.795243263244629,-1.9485309590693607,7197.161911225592,46,0.9930203897148375,6.56,5.32,1.38
C,5.213333333,23.82,0.305333333,63,137,0.18,0.22,0.08,-100,127.6,54.8,0,0,0,118,122.6,507784.6553405025,65.8,16.24,44,0.94,14318.949077515881,1.548,-5.4,8.858363151550293,-2.442671147273356,7197.161911225592,46,0.9930402345366552,6.5,5.3,1.5
B,5.286666667,23.87333333,0.366666667,64.8,138.6,0.096,0.28,0.04,-100,117.2,46.2,28.6,40.4,32.4,92,119.4,7584943.074949896,66.2,20.68,3112,0.94,265160.4085284374,1.548,-5.8,8.78520679473877,-2.617755569437541,7197.161911225592,46,0.9930303261004437,6.58,5.38,1.34
B,5.28,23.86666667,0.346,64.6,138.4,0.054,0.18,0.04,-100.2,116.8,46,29.2,39.2,30.8,90,119.4,7577157.952100461,65.8,20.56,3136,0.94,253924.65044365067,1.548,-5.8,8.805718421936035,-2.6454526683025854,7197.161911225592,46,0.9930599680312793,6.54,5.38,1.34
D,5.513333333,23.9,0.368666667,68.4,137.2,0.154,0.36,0.08,-100.2,123.2,46,36.4,32.2,28,74,121.4,7616123.538273993,67.8,24.34,3196,1.62,251082.86434596294,3.242,-5,8.782289505004883,-2.8298379721822546,7197.161911225592,46,0.9930402345366552,7.8,5.68,3.08
D,5.493333333,23.88,0.312666667,68.6,138.8,0.022,0.14,0.02,-100.2,120.2,46,34.4,36.4,22.8,78,119.4,7215766.014527037,65.6,16.82,3182,1.62,236838.4928373802,3.24,-5.4,8.844507217407227,-2.936454480444089,7197.161911225592,46,0.9930501151412335,7.8,5.62,3.04
B,5.26,23.84,0.348666667,65.6,140.8,0.056,0.1,0.04,-100.2,127.4,40,0,0.2,0,120,125.4,507784.6553405025,67.8,20.6,1962,0.8,205475.37870581896,1.196,-5.6,8.728532791137695,-1.9485309590693607,7197.161911225592,46,0.9930303261004437,6.52,5.38,1.26
B,5.266666667,23.90666667,0.332666667,64,138.6,0.066,0.16,0.12,-100,120,45.8,29.8,40.2,26.2,94,121.2,7655189.054251779,65.8,17.66,3062,0.92,250799.5652320234,1.496,-5.4,8.839954376220703,-5.240966736127478,7197.161911225592,46,0.9930303261004437,6.52,5.44,1.38
B,5.28,23.86666667,0.356,62.2,134.2,0.09,0.14,0.1,-100.2,121.4,46,28.8,40.6,26.6,102,119.6,7631737.753089682,66,22.88,3078,0.92,254494.92656282487,1.496,-5.4,8.837620735168457,-4.779618416511663,7197.161911225592,46,0.9930402345366552,6.5,5.4,1.4
D,5.486666667,23.89333333,0.248666667,75,146.8,0.066,0.1,0.04,-100.2,125.6,50.4,0,0.2,0,114,118.4,507784.6553405025,65.4,24.6,44,1.6,14318.949077515881,3.192,-5.2,8.90709114074707,-5.316692212833912,7197.161911225592,46,0.99301042526141,7.74,5.56,3.16
B,5.34,23.96,0.277333333,63.8,135.2,0.052,0.14,0.06,-100.2,117,46,39.8,33.8,30,96,119.4,7569376.826443973,65.4,16.02,3106,0.88,251933.72113787266,1.398,-5,8.8019256591796875,-4.929164424680394,7197.161911225592,46,0.9930203897148375,6.54,5.4,1.36
B,5.293333333,23.98666667,0.262666667,66,140.2,0.062,0.18,0.02,-100.2,116.8,46,45.2,35.2,32.8,98,119.2,7584943.074949896,66.2,18.98,3118,0.94,256782.4273698313,1.548,-4.8,8.936967849731445,-4.515782313707977,7197.161911225592,46,0.9930501151412335,6.56,5.36,1.44
B,5.26,23.87333333,0.447333333,67,143.2,0.19539999999999996,0.22,0.06,-100.2,118.6,46,40.6,35,30.6,96,119.8,7987284.614499164,65.6,21.84,3024,0.98,267495.24213887885,1.648,-5.4,8.81782341003418,-4.779618416511663,7197.161911225592,46,0.9930599680312793,6.56,5.34,1.46
B,5.253333333,23.87333333,0.266666667,73.4,150.2,0.124,0.18,0.02,-100,117.4,46,12.6,47.8,31,100,119.6,7631737.753089682,65.8,24.2,3060,0.92,252786.0171047756,1.496,-5.6,8.864240646362305,-5.013092850820487,7197.161911225592,46,0.9930697933232372,6.58,5.36,1.38
B,5.273333333,23.95333333,0.252666667,70,145.6,0.072,0.1,0.02,-100.2,120.4,46.2,10.8,47.2,29.4,94,119.8,7631737.753089682,66,16.3,3070,0.92,256639.1587414504,1.496,-5.6,8.8811674118042,-5.013092850820487,7197.161911225592,46,0.9930402345366552,6.58,5.36,1.38
B,5.24,23.88,0.322666667,73,150.2,0.088,0.08,0,149,119,46,14.8,44,26.6,92,120,7639550.856285394,65.4,19.12,3104,0.92,254923.05341142067,1.498,-5.2,9.086289405822754,-4.827062334884897,7197.161911225592,46,0.9930402345366552,6.58,5.36,1.36
B,5.38,24.05333333,0.289333333,67.6,140,0.098,0.12,0.04,186.6,116.2,45.8,41.2,34.4,36.2,94,121.6,7663014.1490221415,66,16.34,3070,0.86,257786.42712597048,1.348,-5.2,8.796931266784668,-5.073160279261315,7197.161911225592,46,0.9930501151412335,6.62,5.38,1.32
A,5.453333333,23.84666667,0.382666667,67.4,139.2,0.09,0.26,0.08,113.8,117,45.6,15.6,23.8,17.4,104,116.4,507784.6553405025,66.6,15.8,3232,1.52,14318.949077515881,2.992,-5.6,8.820565223693848,-5.356778360502513,7197.161911225592,46,0.9930501151412335,7.24,5.52,2.96
X,5.153333333,23.96666667,0.372,60.4,135.2,0.026,0.12,0.04,220.4,121,46,47.4,21.6,38.6,80,119.8,7623928.647085831,69,16.52,3058,1,253497.36311351496,1.698,-5.4,8.680473327636719,-4.712366141832933,7197.161911225592,46,0.9930697933232372,6.56,5.26,1.46
C,5.313333333,23.94666667,0.349333333,71.6,147,0.102,0.24,0.08,166.4,119.8,39.8,33.2,31.2,16.4,100,120,7200583.496905285,66.8,18.84,2868,1.04,235601.60511404014,1.796,-5.4,8.835672378540039,-4.028588666874747,7197.161911225592,46,0.9930697933232372,6.64,5.42,1.64
D,5.546666667,23.85333333,0.34,73.8,144.8,0.042,0.02,0.06,199,116.2,46.2,45.4,34.4,21.4,76,118.8,8035302.432289879,65.8,17.18,3000,1.64,266180.6389575277,3.29,-5.4,8.784724235534668,-4.876831293157794,7197.161911225592,46,0.9930697933232372,7.78,5.7,3.04
D,5.44,23.88666667,0.437333333,66.6,136.6,0.158,0.26,0.08,197.2,114.4,46,39,35,21.4,74,121.2,8035302.432289879,66.2,17.42,2982,1.68,268813.08345661353,3.39,-5.4,8.77841854095459,-4.779618416511663,7197.161911225592,46,0.9930501151412335,7.76,5.6,3.06
B,5.333333333,23.88,0.3778666669,65,137.8,0.136,0.06,0.02,187.6,118,46,40.8,26,19.2,94,120.4,7577157.952100461,65.8,16.08,3040,0.86,252786.0171047756,1.348,-5.4,8.781096458435059,-4.984339733986216,7197.161911225592,46,0.9930402345366552,6.58,5.38,1.22
B,5.333333333,24.00666667,0.313333333,68.6,142.4,0.144,0.18,0.02,192.6,117,46.2,33.8,30,21.2,92,120,7230964.520950172,65.4,16.1,3078,0.84,241540.4031030463,1.298,-5.2,8.957598686218262,-4.669885147032931,7197.161911225592,46,0.99301042526141,6.58,5.36,1.3
D,5.533333333,23.83333333,0.348,71,142.2,0.068,0.12,0.1,0.2,119.8,44.4,0,0.2,0,110,143.6,507784.6553405025,69,22.94,40,1.48,14318.949077515881,2.894,-5.8,9.153130531311035,-3.6618357227063076,8446.70477753752,50,0.9930501151412335,7.78,5.64,3.06
C,5.24,23.94666667,0.394666667,61.8,136.2,0.19539999999999996,0.12,0,99.6,117.4,50.2,3.2,24.2,31.4,100,130.4,6469032.90548337,65.8,18.64,3220,0.94,214283.85787571315,1.548,-5.8,8.723536491394043,-4.570865200584123,8446.70477753752,50,0.9930599680312793,6.6,5.3,1.44
A,5.466666667,23.84666667,0.3778666669,67.2,137.2,0.192,0.14,0.04,90.6,113,50,2.6,21.8,29.4,112,130.2,6469032.90548337,69,19.02,3216,1.64,215726.12907470105,3.294,-5.8,8.7528533935546875,-4.515782313707977,8446.70477753752,50,0.9930303261004437,7.18,5.54,2.98
A,5.453333333,23.96666667,0.388666667,68.8,140.6,0.022,0.12,0.06,141.2,132,50.4,36,32.4,31.2,118,100.6,6469032.90548337,66.4,17.2,3426,1.56,216778.09185930062,3.092,-5.2,8.832686424255371,-3.9747906247027633,4997.945355469508,50,0.9930893615754153,7.18,5.52,2.96
D,5.473333333,23.92666667,0.307333333,72.4,144.2,0.188,0.18,0.02,0.2,127.4,49.6,0,0.2,0,112,127.4,507784.6553405025,69,19.68,34,1.56,14318.949077515881,3.096,-4.6,8.9804229736328125,-3.0856728792719013,7197.161911225592,46,0.9930501151412335,7.76,5.64,3.02
D,5.493333333,23.84666667,0.348,75.2,147.8,0.154,0.18,0.06,145.6,124.2,46,50,30.8,33,82,120.8,6505040.560434789,67.6,23.14,3042,1.62,219551.6672587775,3.242,-4.6,9.09843635559082,-3.157732216654621,7197.161911225592,46,0.9930501151412335,7.76,5.72,3.08
D,5.44,23.92666667,0.372,72.2,144.6,0.094,0.14,0,113.6,130,45.4,28.2,23.2,28.4,84,120,6469032.90548337,67.4,22.7,3050,1.62,215726.12907470105,3.242,-4.6,9.034207344055176,-3.1530745228434665,7197.161911225592,46,0.9930203897148375,7.76,5.64,3.04
D,5.466666667,23.9,0.410666667,72.8,144.2,0.072,0.12,0.08,105.2,117,45.6,23,22,27.6,82,120.2,6469032.90548337,67.2,16.88,3056,1.66,215463.5381517136,3.342,-5,9.159189224243164,-3.0813356163742385,7197.161911225592,46,0.9930402345366552,7.74,5.66,3.08
B,5.28,23.96666667,0.386,62.6,136.4,0.19,0.14,0.04,90.2,128,50.2,2.2,26.2,28.8,100,80,6526693.119999524,67.2,21.3,3310,0.98,214676.72483845908,1.648,-5.8,8.943207740783691,-3.112095584641287,3198.5590956298297,50,0.9930697933232372,6.54,5.34,1.34
B,5.313333333,23.98,0.322666667,66.2,139.8,0.152,0.34,0.02,86.8,126.2,50.4,1.6,25.4,27,98,85.8,6526693.119999524,65.4,16.24,3188,0.98,270281.14940097375,1.648,-5.6,9.022466659545898,-2.9746560068213634,4048.273048483616,50,0.9930795911329003,6.56,5.32,1.32
B,5.326666667,24.06,0.217333333,66.8,139.8,0.018,0.26,0.06,102,122.6,50,8,25.6,35.2,100,79.8,6826216.920565832,65.6,23.18,3308,0.96,227978.17333676986,1.596,-5.6,9.063353538513184,-2.878192588282188,3198.5590956298297,50,0.9930203897148375,6.58,5.32,1.34
B,5.286666667,23.95333333,0.217333333,63.4,136.6,0.066,0.16,0.04,73.4,120.4,53.6,2.2,17.6,25.8,114,77.8,507784.6553405025,65,18.32,3630,0.94,14318.949077515881,1.548,-5.8,8.798888206481934,-3.3085099501932027,3198.5590956298297,50,0.9930402345366552,6.58,5.26,0
A,5.426666667,23.95333333,0.334,72.8,146,0.078,0.2,0.04,106.8,122.4,50.2,9.6,25.8,37.6,78,79.4,7592732.194992122,66,23.38,3202,1.72,249244.2784674728,3.49,-6.2,8.612024307250977,-3.4603090820425515,3198.5590956298297,50,0.9930501151412335,7.14,5.5,3.06
A,5.4,23.94,0.338666667,69.2,142,0.01,0.3,0.04,111.2,126.8,50,11.2,26.8,38.4,82,79.4,7939410.695367224,66.4,16.46,3218,1.76,260377.1356198022,3.588,-6.2,8.495208740234375,-3.435418118725763,3198.5590956298297,50,0.9930501151412335,7.14,5.5,3.1
A,5.413333333,23.88,0.306,69.2,141.4,0.07,0.04,0.02,112.4,124.6,49.8,9.4,26.6,40.8,82,85.2,7639550.856285394,66.4,21.68,3200,1.76,239321.98273735947,3.588,-6.2,8.805981636047363,-3.429290053403967,3198.5590956298297,50,0.9930203897148375,7.14,5.5,3.08
B,5.306666667,24.01333333,0.266,63,135.4,0.074,0.04,0.02,110.4,124.6,49.6,11.8,24.2,40.4,98,80.6,7192998.233895327,65.6,20.28,3116,1.04,238354.64198861358,1.796,-6.2,8.762747764587402,-3.3359841646947133,3198.5590956298297,50,0.9932420582441408,6.58,5.34,1.38
B,5.333333333,23.94666667,0.286666667,68,142.4,0.048,0.22,0.06,0.2,133.4,54.6,0,0.2,0,127.39999999999998,104.4,507784.6553405025,65.6,23.72,86,0.92,14318.949077515881,1.498,-5.8,9.129406929016113,-3.1346558533926903,3198.5590956298297,50,0.9932420582441408,6.54,5.32,1.36
B,5.313333333,23.91333333,0.343333333,67.2,140.8,0.17,0.24,0.06,109.6,124.8,50.4,12.8,26,37.8,102,80.8,7246179.016173415,65.4,22.8,3230,0.98,234231.0832540082,1.648,-6,8.793621063232422,-3.205531413849104,3198.5590956298297,50,0.9932420582441408,6.54,5.32,1.36
B,5.313333333,23.90666667,0.29,63.6,136,0.052,0.3,0.04,112.4,124.4,49.2,11,27.2,40.4,94,80.2,7422294.905837925,65.4,16.96,3244,0.98,245447.26466337222,1.648,-6,8.802525520324707,-3.205531413849104,3198.5590956298297,50,0.9932420582441408,6.52,5.28,1.3
B,5.286666667,23.97333333,0.307333333,65.2,139.2,0.094,0.02,0.02,104,124.4,49.2,14.4,19.6,37.4,100,80,7406896.539504591,65.4,16.32,3288,1.02,242374.94923206858,1.746,-5.6,8.934089660644531,-3.3139453031864914,3198.5590956298297,50,0.9932420582441408,6.54,5.26,1.42
A,5.346666667,23.92,0.326666667,66.4,139.4,0.104,0.12,0.02,109.8,121.8,49.6,20,20.6,39.2,90,81,7261409.500195493,69,14.32,3338,1.54,231638.10543748052,3.044,-5.2,8.86743450164795,-3.4051429808363656,3198.5590956298297,50,0.9932420582441408,7.16,5.4,2.98
B,5.233333333,23.98,0.342666667,68.4,143.4,0.062,0.18,0.1,108.2,123.8,50.4,20.4,21,36.6,100,109.8,7460860.77259979,66,17.72,3290,0.94,247131.22841405493,1.548,-5.6,8.965014457702637,-3.4415835914518977,6047.575217310926,50,0.9932420582441408,6.58,5.32,1.32
C,5.173333333,23.98,0.362,66.8,144.4,0.054,0.22,0.02,112.2,123,50,16.2,24.6,34.6,114,80,7639550.856285394,66.4,21.66,3274,0.98,251933.72113787266,1.646,-5.4,8.7324676513671875,-3.417144351986711,3198.5590956298297,50,0.9932420582441408,6.5,5.28,1.68
C,5.306666667,23.98,0.314666667,64.2,137.4,0.086,0.12,0.02,111.6,124.8,50,15.6,29.6,32,102,100.2,7639550.856285394,66.4,20.36,3290,0.98,250941.19480044866,1.646,-5.4,8.786127090454102,-3.4540286017504633,4997.945355469508,50,0.9932420582441408,6.52,5.3,1.66
C,5.293333333,23.91333333,0.310666667,74.6,151.4,0.078,0.12,0.02,115.8,123.4,53.6,16.2,31.2,33,120,100.6,7663014.1490221415,68,21.4,3514,0.98,251791.81172984152,1.648,-5.4,8.7607421875,-3.3249045969289726,4997.945355469508,50,0.9932420582441408,6.58,5.36,1.72
B,5.346666667,24.04,0.285333333,76.4,151.8,0.162,0.14,0.04,98.8,120.8,50,8.2,22.4,33.8,102,79.4,7623928.647085831,66.6,23.7,3286,0.9,246990.6782273599,1.448,-5.4,9.147110939025879,-3.5525997777551037,3198.5590956298297,50,0.9932420582441408,6.52,5.38,1.36
B,5.333333333,23.97333333,0.325333333,67.6,141.8,0.198,0.18,0.12,101.6,123,49.6,8.2,23,36.4,96,81,7631737.753089682,66.4,16.48,3274,0.88,253070.4355770432,1.398,-5.4,8.843904495239258,-3.518662876932951,3198.5590956298297,50,0.9932420582441408,6.52,5.4,1.32
B,5.306666667,24.1,0.218,67.8,142.4,0.058,0.04,0.02,119.6,123.6,50.2,12.4,35.4,35.4,98,90,7995277.591169418,66,17.76,3262,0.9,265743.1574830448,1.448,-5.4,8.976305961608887,-3.1346558533926903,4048.273048483616,50,0.9930402345366552,6.52,5.32,1.36
B,5.266666667,23.94666667,0.241333333,67.8,143.2,0.028,0.18,0.02,77,123,54,20.8,10.2,13.4,127.39999999999998,96,507784.6553405025,65.2,13.48,3224,0.8,14318.949077515881,1.198,-4.8,8.961572647094727,-3.281763692022472,4048.273048483616,50,0.9930697933232372,6.54,5.32,1.3
D,5.546666667,23.94,0.216666667,77.4,147.4,0.088,0.1,0.06,66.6,126.6,44.4,11,7.6,13.6,104,121.8,507784.6553405025,65,19.16,3286,1.6,14318.949077515881,3.19,-5.2,9.179001808166504,-3.512010165672346,4048.273048483616,48,0.9930599680312793,7.76,5.64,3.2
B,5.3,24.00666667,0.238666667,65,139,0.024,0.18,0.04,145.2,125.4,53,11.2,37.2,34.6,96,90.2,8035302.432289879,65.2,18.64,3370,0.86,266910.5742883185,1.348,-5.2,9.008514404296875,-3.3932825567917138,4048.273048483616,50,0.9930402345366552,6.54,5.32,1.32
B,5.333333333,24.00666667,0.221333333,71.4,147.8,0.01,0.34,0.12,77.2,123.6,51.2,14.8,10,11,80,93.2,507784.6553405025,65.8,19.84,3766,0.74,14318.949077515881,1.048,-5,9.036039352416992,-3.429290053403967,4048.273048483616,50,0.9930697933232372,6.52,5.34,1.28
B,5.32,24,0.256,67.4,140.8,0.088,0.12,0.04,140.2,125,50.2,13.6,36.2,32.4,94,90.6,7971310.652713704,65.4,21.86,3276,0.86,266764.5072681657,1.348,-5,9.006714820861816,-3.4231989452209897,4048.273048483616,50,0.9930402345366552,6.52,5.34,1.3
B,5.306666667,24,0.259333333,64,137.6,0.094,0.14,0.04,0.2,129.6,45.4,0,0.2,-1.2,127.39999999999998,90,507784.6553405025,65.8,23.16,40,0.72,14318.949077515881,0.996,-5.2,8.91258430480957,-3.49231089908254,4048.273048483616,50,0.9930893615754153,6.52,5.32,1.28
X,5.286666667,23.88666667,0.219333333,63.4,137.2,0.014,0.22,0.02,143.2,123.4,49.4,10.6,37.6,34.4,118,89.6,7979295.635013875,68,21.3,3284,0.92,263851.56203548325,1.498,-5,8.823726654052734,-3.5321011709655457,4048.273048483616,50,0.9930402345366552,6.58,5.32,1.38
D,5.573333333,23.96,0.227333333,71.6,141,0.02,0.12,0.04,141.4,125.2,45.8,0.4,39,49,84,90.8,7987284.614499164,66,17.6,3094,1.76,264287.4844067129,3.588,-5.8,8.992430686950684,-3.602111609861595,4048.273048483616,46,0.9930893615754153,7.78,5.64,3.14
D,5.526666667,23.94,0.205333333,72.8,143.8,0.032,0.18,0.04,140.6,126,46.2,0.2,38.8,49.2,76,114.4,7577157.952100461,66.4,17.68,2978,1.78,307811.22544736974,3.638,-6,8.939175605773926,-3.5665002367836824,7197.161911225592,46,0.9930599680312793,7.78,5.64,3.2
D,5.466666667,23.89333333,0.257333333,66.4,136.6,0.102,0.28,0.02,143.8,124.8,46.2,13.2,36.6,34,84,89.6,7804549.374441326,65.8,20.32,3104,1.66,258504.76912039492,3.34,-5.6,9.022829055786133,-3.292377307558726,4048.273048483616,46,0.9930697933232372,7.82,5.56,3.04
B,5.353333333,24.05333333,0.21333333300000001,70.4,144.6,0.028,0.14,0.02,0.2,128,40,0.2,0.2,-1.2,127.39999999999998,120.8,507784.6553405025,69,17.8,44,0.7,14318.949077515881,0.95,-5.4,8.92375659942627,-2.8817369273373443,4048.273048483616,46,0.9930402345366552,6.56,5.32,1.34
B,5.3,23.96666667,0.318666667,66.8,140.8,0.112,0.3,0.12,0.2,127.4,45.6,0.2,0.2,-1.2,124,143.8,507784.6553405025,67.2,19.42,44,0.76,14318.949077515881,1.096,-5.2,9.063763618469238,-3.3699715994938946,7197.161911225592,46,0.9930402345366552,6.54,5.32,1.38
B,5.36,24,0.263333333,68.4,141.8,0.02,0.12,0.04,145,125,49.6,18.2,37.4,30.2,100,90,7915527.697808529,64.6,23.84,3256,0.96,264142.1369726246,1.598,-5.4,8.752580642700195,-3.559526106512439,4048.273048483616,50,0.9930402345366552,6.56,5.36,1.44
B,5.28,23.88666667,0.325333333,66.2,140.6,0.042,0.14,0.04,146,123.8,49.6,14.4,36,35,98,90,7931445.698994913,65.8,16.6,3248,0.98,264287.4844067129,1.648,-5.4,8.815278053283691,-3.292377307558726,4048.273048483616,50,0.9930501151412335,6.56,5.34,1.42
B,5.353333333,23.83333333,0.258666667,68.6,142.2,0.042,0.2,0.04,143.8,124.2,50,12.6,35.2,35.8,102,89.8,7923484.699808631,65.4,17.16,3262,0.92,262545.9536805948,1.498,-5.4,9.084379196166992,-3.292377307558726,4048.273048483616,50,0.9930501151412335,6.56,5.36,1.36
B,5.326666667,23.92,0.267333333,66.8,141,0.036,0.34,0.06,120.6,122.4,50.2,5.8,30.6,30.4,98,120.2,7947379.688925409,65.4,17.42,3146,0.92,266764.5072681657,1.498,-5.4,9.086146354675293,-3.435418118725763,7197.161911225592,50,0.9930501151412335,6.56,5.36,1.3
B,5.3,23.84666667,0.282,72.4,148.2,0.014,0.18,0.08,126.8,124.4,50,7.2,31.8,30,96,79.86,7907574.692994759,65.2,17.82,3264,0.98,263851.56203548325,1.648,-5.4,8.570237159729004,-3.3874041749739834,2448.804390849781,50,0.9930004326210645,6.56,5.32,1.42
B,5.293333333,23.98,0.286,67.4,142.6,0.098,0.16,0.06,135.6,126,50.4,15.2,32.4,32,98,79.86,7915527.697808529,65.4,18.08,3280,0.98,265160.4085284374,1.648,-5.2,8.736706733703613,-3.4111258393948534,2448.804390849781,50,0.9930599680312793,6.54,5.32,1.44
A,5.473333333,23.9,0.212,68.4,139,0.172,0.04,0.02,0.2,128.4,54.8,0,0.2,-1.2,127.39999999999998,95.8,507784.6553405025,65.6,23.26,44,1.6,14318.949077515881,3.192,-5,8.951146125793457,-3.512010165672346,2448.804390849781,50,0.9930402345366552,7.06,5.54,3.12
B,5.293333333,23.83333333,0.348666667,66.4,140.2,0.06,0.18,0.04,165.6,125.2,50,28.6,34.8,34.6,96,79.86,7569376.826443973,65.2,23.64,3418,0.86,249526.69808534812,1.348,-5,9.133420944213867,-3.417144351986711,2448.804390849781,50,0.9930004326210645,6.58,5.32,1.3
B,5.32,24.02666667,0.261333333,69.8,145.2,0.08,0.18,0.1,136,124,49.8,9.6,36.2,32.2,96,79.86,7979295.635013875,65.8,24.16,3348,0.9,266764.5072681657,1.448,-5,8.933652877807617,-3.116567454156598,2448.804390849781,50,0.9930303261004437,6.56,5.3,1.38
D,5.48,23.94,0.204,76,148.4,0.142,0.12,0,137.8,128,50.4,7.6,37.6,35.2,82,79.86,7577157.952100461,65,23.86,3348,1.7,253639.75224648754,3.44,-5,8.649139404296875,-3.472988416174688,2448.804390849781,50,0.9930599680312793,7.76,5.64,3.2
B,5.313333333,23.92666667,0.338666667,62.6,136.4,0.196,0.2,0.08,134,123.8,48.6,12,31,33,96,79.86,7616123.538273993,65.4,23.58,3268,0.96,256639.1587414504,1.596,-5.2,9.122832298278809,-3.479388266843693,2448.804390849781,46,0.9930795911329003,6.56,5.3,1.36
B,5.24,23.92666667,0.305333333,66.6,142,0.008,0.14,0.04,124.2,127.4,50,11,27.6,29.8,98,79.86,7686513.416480056,65.4,23.5,3350,0.9,256209.5927186417,1.448,-5.2,9.198921203613281,-3.250576474284259,2448.804390849781,50,0.9930599680312793,6.56,5.28,1.34
B,5.26,24.04666667,0.272,77.6,151.8,0.108,0.02,0.04,132,128.4,50.2,15.2,29.4,32,100,79.86,7569376.826443973,65.4,23.72,3364,0.88,250516.42602644378,1.398,-5.2,9.210705757141113,-3.5054009734704357,2448.804390849781,50,0.9930599680312793,6.56,5.3,1.34
C,5.32,24.02666667,0.242,62.6,135.4,0.066,0.3,0.04,133.4,125.4,50.2,11.4,33.2,31.8,94,100.4,7592732.194992122,65.4,23.6,3272,1,255065.84231508424,1.698,-5.6,8.886033058166504,-3.5321011709655457,4997.945355469508,50,0.9930203897148375,6.58,5.44,1.56
C,5.286666667,23.97333333,0.275333333,61.8,134.2,0.092,0.24,0.02,119.2,125.8,49.8,8.8,28,28,100,110,7569376.826443973,66,23.98,3276,1.1,247975.36905355286,1.946,-5.4,8.642955780029297,-3.35283488115738,6047.575217310926,50,0.9930203897148375,6.62,5.46,1.84
D,5.526666667,23.83333333,0.146666667,69,138.8,0.014,0.12,0.02,69.4,128.6,48.4,8,7.4,21,127.39999999999998,115.6,507784.6553405025,65.8,24.1,3200,1.64,14318.949077515881,3.29,-5.2,9.009832382202148,-2.9069025930108845,7197.161911225592,50,0.9930303261004437,7.74,5.32,3.18
B,5.266666667,24.09333333,0.322,67.6,142.8,0.136,0.22,0.02,126.4,125.2,51.2,15.4,26.6,28.4,100,88.6,7670843.240983745,65,23.62,3318,0.92,269693.4432994631,1.498,-5.6,9.23471736907959,-3.287056550120271,4048.273048483616,50,0.9930303261004437,6.56,5.26,1.36
A,5.433333333,23.95333333,0.215333333,72,144.2,0.104,0.1,0.02,128,123.2,54.6,3.4,35,35.2,102,90.4,7623928.647085831,65.4,23.78,3426,1.68,253924.65044365067,3.39,-5.8,9.023392677307129,-3.3249045969289726,4048.273048483616,50,0.9930893615754153,7.12,5.46,3.08
A,5.44,23.92,0.252666667,68.6,141,0.038,0.36,0.06,115.4,124.4,51,4.8,27.4,30.6,102,93.2,7616123.538273993,64.8,23.56,3296,1.6,253639.75224648754,3.19,-5.4,8.828106880187988,-3.2104382710292816,4048.273048483616,50,0.9930795911329003,7.12,5.44,3.06
B,5.393333333,23.99333333,0.256666667,67.4,140.2,0.14,0.24,0.06,119.2,124,50,6.8,27.2,31.2,100,116.4,7616123.538273993,65.8,23.8,3248,0.94,263706.3345324319,1.548,-5.2,9.302809715270996,-3.472988416174688,7197.161911225592,50,0.9930697933232372,6.56,5.36,1.38
D,5.393333333,24.09333333,0.127333333,73.2,146.2,0.018,0.16,0.06,128.4,124,50.4,12.8,28.2,32.2,84,89,7623928.647085831,65.4,23.9,3272,1.68,258936.25404158616,3.39,-5,8.87106704711914,-3.0641707158561124,4048.273048483616,50,0.9930991047652858,7.74,5.56,3.18
D,5.5,23.81333333,0.11,77.2,149.4,0.034,0.12,0,2.8,132.8,46.4,0.4,0.2,-1.2,116,92.8,507784.6553405025,66.2,23.98,42,1.7,14318.949077515881,3.44,-5.8,8.913506507873535,-3.0062949784034,4048.273048483616,46,0.9930697933232372,7.7,5.6,3.22
D,5.54,24.03333333,0.264666667,72.2,142.8,0.094,0.28,0.06,137.2,123.4,49.8,19.6,30.4,30.8,86,101.8,7631737.753089682,65.8,23.84,3272,1.78,245727.52551729995,3.638,-5.6,8.763272285461426,-3.429290053403967,4997.945355469508,46,0.9931088208163785,7.7,5.5,3.32
B,5.46,24.04666667,0.321333333,67,137.2,0.018,0.2,0.04,140.2,122.8,49.8,14,33,33.2,92,91.2,8003274.565024487,69,23.42,3190,1.06,264723.76657103834,1.848,-5.8,8.8873872756958,-3.4477869301214032,4048.273048483616,50,0.9930501151412335,6.52,5.48,1.46
A,5.466666667,24.01333333,0.275333333,70,141.2,0.08,0.2,0.02,143.4,121,54.8,11,38.4,34.6,102,89.8,7971310.652713704,65.4,24.22,3496,1.58,269106.3768296324,3.142,-5.4,8.82021713256836,-3.399195357219034,4048.273048483616,50,0.9930697933232372,7.16,5.54,2.98
A,5.453333333,23.94666667,0.202666667,63.4,132.8,0.072,0.1,0.02,145.6,123.4,50,10.4,38.6,39,82,90,7592732.194992122,65.8,24.16,3266,1.54,253924.65044365067,3.042,-5.2,8.502205848693848,-3.4111258393948534,4048.273048483616,50,0.9930501151412335,7.16,5.56,2.92
A,5.146666667,23.9,0.104666667,63.4,139.8,0.042,0.26,0.04,134.4,123.8,50.6,13.6,32.6,31.2,100,90,7569376.826443973,66.2,23.94,3308,0.98,253070.4355770432,1.646,-5.4,9.036892890930176,-3.157732216654621,4048.273048483616,50,0.9930303261004437,6.52,5.46,1.42
B,5.34,23.93333333,0.344666667,62.4,134.4,0.19539999999999996,0.06,0.08,125.2,124.2,54.8,10.2,29.8,29,98,101,7812450.4158189,65.4,23.48,3398,0.94,257069.08455775527,1.548,-5.2,9.188347816467285,-3.1718357215259876,4997.945355469508,50,0.9930697933232372,6.54,5.38,1.4
D,5.473333333,23.96666667,0.316666667,72.4,144.6,0.078,0.22,0.08,129.4,126.2,46.2,7,35,31.4,78,90.4,7569376.826443973,64.2,23.88,3098,1.8,249809.27761161418,3.686,-5.4,8.620759963989258,-2.9553742919839214,4048.273048483616,46,0.9930402345366552,7.72,5.58,3.32
D,5.553333333,24.06666667,0.234666667,66.6,136.4,0.036,0.28,0.12,114.8,124.6,49.4,2.2,30,29.8,80,96.2,7608322.426654326,65.2,23.8,3134,1.76,273968.80418738234,3.588,-5.6,8.656087875366211,-3.2403912722267334,4048.273048483616,46,0.9930893615754153,7.74,5.58,3.28
B,5.286666667,23.92,0.206,65.4,139.4,0.076,0.16,0.04,90,132.6,56.4,0.8,8.4,20,100,80.8,507784.6553405025,66.8,23.86,3778,0.92,14318.949077515881,1.496,-6,9.059842109680176,-2.9439798451528136,4048.273048483616,46,0.9932420582441408,6.52,5.18,1.4
C,5.346666667,24.07333333,0.266,68.2,142.4,0.094,0.2,0.06,153.6,125.4,50.2,20.4,38,31.8,92,137,7979295.635013875,66,23.68,2990,1.04,306557.45856039604,1.796,-6.2,8.956905364990234,-3.518662876932951,7197.161911225592,50,0.9930599680312793,6.6,5.36,1.6
B,5.366666667,24.06666667,0.268,69,142,0.126,0.1,0.02,151.8,123.6,50,21.2,35.6,33.2,92,89.8,7987284.614499164,66.8,24.08,3260,1.06,266618.48022500926,1.846,-6.2,8.987435340881348,-3.512010165672346,4048.273048483616,50,0.99301042526141,6.54,5.36,1.46
D,5.553333333,23.90666667,0.22,68.6,137.2,0.092,0.16,0.02,147.6,124.8,47.2,14.6,36.2,35.2,84,107.4,7569376.826443973,66.4,23.6,3068,1.82,237940.66703949627,3.738,-6.4,8.793863296508789,-3.49231089908254,4048.273048483616,46,0.9930599680312793,7.74,5.6,3.26
D,5.566666667,23.9,0.234666667,68.2,138,0.124,0.2,0.12,143.2,125.4,46,13.2,35.4,33.4,80,90.2,7569376.826443973,66.6,23.74,3018,1.84,250941.19480044866,3.788,-6.4,8.745511054992676,-3.4603090820425515,4048.273048483616,46,0.9930599680312793,7.74,5.6,3.26
B,5.213333333,23.92666667,0.256,73.2,151.6,0.148,0.32,0.04,0.2,130.4,55,-0.4,0.2,-1.2,127.39999999999998,90,507784.6553405025,66,23.84,44,1.58,205475.37870581896,3.142,-5.4,8.838483810424805,-3.047293083359268,4048.273048483616,50,0.9930991047652858,7.16,5.44,3.02
X,5.46,24.01333333,0.228,68.8,140,0.05,0.32,0.04,154.2,123.4,54.6,29.2,31.2,33,127.39999999999998,117,6135445.550872554,68.2,23.98,1048,1,14318.949077515881,1.698,-5.8,9.051128387451172,-3.0431174445174647,7197.161911225592,50,0.9930893615754153,6.6,5.44,1.44
X,5.34,23.98666667,0.282666667,64.6,137.6,0.094,0.08,0.04,144,133.2,50.8,11.2,36,36.6,82,103,7647367.956672812,67,24.12,1064,1.08,246288.5269505993,1.896,-5.8,9.009467124938965,-3.3815598141907923,4997.945355469508,50,0.9931088208163785,6.58,5.38,1.36
C,5.406666667,24.01333333,0.288666667,69,141.6,0.096,0.06,0.02,132,124.2,50,16.4,27,29.8,116,99.2,7639550.856285394,66.2,23.74,1086,0.92,249809.27761161418,1.496,-5.6,9.052002906799316,-3.0987977122633557,4997.945355469508,50,0.9930795911329003,6.6,5.44,1.5
C,5.433333333,24.04,0.220666667,65.6,136.8,0.088,0.28,0.02,137.8,127,50,14.6,32.6,30.2,116,100,7616123.538273993,66.6,23.48,1074,1,253070.4355770432,1.696,-5.8,9.044059753417969,-3.35283488115738,4997.945355469508,50,0.9930402345366552,6.48,5.42,1.48
C,5.36,23.94666667,0.252,68,141.8,0.162,0.08,0.04,136.2,125.4,50,9.4,34.6,31.4,90,100.2,7639550.856285394,65.8,23.72,1060,1.06,250516.42602644378,1.846,-6,9.211141586303711,-3.4477869301214032,4997.945355469508,50,0.9930599680312793,6.5,5.36,1.5
B,5.286666667,23.96,0.263333333,65,140,0.01,0.04,0.1,147.8,124.2,50.2,18.6,35.4,31.8,98,99.6,7623928.647085831,65.8,24.2,1062,0.94,255780.38648935192,1.548,-5.8,9.394305229187012,-4.1835157142677275,4997.945355469508,50,0.9930697933232372,6.54,5.28,1.32
A,5.546666667,24.08666667,0.1866,70.2,140,0.042,0.22,0.04,149,126,50.2,18,35.4,32.6,106,89.8,7987284.614499164,65.4,23.68,1064,1.72,265451.703051733,3.49,-5.6,9.054583549499512,-4.515782313707977,4048.273048483616,50,0.9930501151412335,7.1,5.52,3.26
A,5.36,23.87333333,0.216666667,75,150.8,0.084,0.04,0.06,193,123.8,49.8,44.4,45.8,40,96,89.8,6476226.442040555,65.2,24.08,1070,1.6,216778.09185930062,3.19,-5.6,9.003073692321777,-3.5321011709655457,4048.273048483616,50,0.9930501151412335,7.18,5.52,3.04
B,5.193333333,23.98,0.152,68.8,145.8,0.02,0.26,0.06,163.4,123,50.2,13.4,45,40.6,96,90.8,7639550.856285394,65.2,23.68,1068,1.02,259224.11054092328,1.746,-5.8,9.092460632324219,-6.026092833732147,4048.273048483616,50,0.9930501151412335,6.56,5.34,1.44
B,5.24,24.01333333,0.247333333,67,142.6,0.076,0.2,0.08,164.2,123.2,49.8,14.2,45,41.2,100,90.8,7631737.753089682,64.8,24.24,1070,0.96,251082.86434596294,1.598,-5.4,9.09560775756836,-5.398508027703943,4048.273048483616,50,0.9930599680312793,6.56,5.26,1.38
D,5.52,23.97333333,0.3,69.4,139.4,0.136,0.1,0,146.8,125,44,21,34.8,31.8,74,99.4,8027289.469697066,65.4,24.22,1098,1.8,269546.6167165333,3.688,-5,8.865510940551758,-4.756702511190405,4997.945355469508,44,0.9930893615754153,7.68,5.6,3.38
D,5.553333333,24.01333333,0.232666667,71.6,141.4,0.142,0.18,0.02,139.2,123.4,46,7,36.2,33,82,121.4,7907574.692994759,64.6,23.88,1084,1.84,264287.4844067129,3.786,-5.6,8.827188491821289,-4.712366141832933,7197.161911225592,46,0.9930501151412335,7.66,5.66,3.4
B,5.253333333,24.00666667,0.321333333,65.6,141,0.134,0.36,0.04,147.6,126.4,50.2,11.8,38,32,96,120,7915527.697808529,65.4,23.96,1090,0.94,264723.76657103834,1.548,-5.8,9.224751472473145,-6.026092833732147,7197.161911225592,50,0.9930303261004437,6.58,5.28,1.3
B,5.306666667,23.96666667,0.236,63.4,135.6,0.096,0.24,0.06,133.2,127.6,50.4,6.8,34.4,30,104,109.6,7955352.679669319,65,23.5,1082,0.94,263561.1470063946,1.548,-5.8,9.103798866271973,-6.026092833732147,6047.575217310926,50,0.9930795911329003,6.54,5.34,1.36
B,5.32,24.04,0.268666667,65.2,137.4,0.136,0.3,0.06,127.8,126.4,50.2,8,31,28.6,102,111,7987284.614499164,64.8,23.92,1092,0.96,263706.3345324319,1.598,-5.6,9.223912239074707,-6.026092833732147,6047.575217310926,50,0.9930697933232372,6.54,5.36,1.36
C,5.47,24.11333333,0.285333333,75,147.6,0.108,0.1,0.02,162,119.4,54.6,24.8,37.4,36.6,98,110.8,7979295.635013875,66.2,24.04,1062,1.14,276788.1321934236,2.046,-5.6,8.930047035217285,-6.026092833732147,6047.575217310926,50,0.9930599680312793,6.4,5.56,1.82
D,5.5,24.12666667,0.242666667,68.6,138.6,0.112,0.42,0,146,126,46,9,39.8,35.8,86,109.2,7963329.667598801,65,24.1,1064,1.84,266034.77182236576,3.786,-5.6,8.8956146240234375,-4.209603078936177,6047.575217310926,46,0.9930501151412335,7.64,5.6,3.42
A,5.433333333,24.00666667,0.255333333,74.6,147.6,0.092,0.06,0.02,148.8,128.6,50.8,12.2,38.6,37.6,106,110.6,7979295.635013875,66.4,23.8,1062,1.74,260810.17964545317,3.54,-5.6,9.015375137329102,-5.073160279261315,6047.575217310926,50,0.9930501151412335,7.12,5.62,3.3
B,5.333333333,23.92,0.134666667,70.6,145.2,0.068,0.34,0.08,0.2,128.4,52.6,-0.6,0.2,-1.2,127.39999999999998,110.2,507784.6553405025,69,23.74,44,0.9,14318.949077515881,1.402,-5.2,9.163938522338867,-5.692786483164239,6047.575217310926,50,0.9930402345366552,6.42,5.3,1.44
B,5.36,24.06,0.219333333,71.4,145.4,0.118,0.08,0,149.8,126.8,50.4,21.6,34,32.4,92,110.2,7963329.667598801,66,23.98,1090,0.94,260954.60760806606,1.548,-5.2,9.201448440551758,-5.398508027703943,6047.575217310926,50,0.9930402345366552,6.52,5.42,1.3
B,5.28,24.06,0.218,64.8,140,0.058,0.34,0.08,154.4,129.6,50.2,18.6,38,35.8,98,110.4,7971310.652713704,64.2,23.78,1076,0.96,264723.76657103834,1.598,-5.4,9.118721961975098,-6.026092833732147,6047.575217310926,50,0.9930501151412335,6.56,5.34,1.36
B,5.313333333,23.94666667,0.288666667,65.4,139.2,0.046,0.2,0.02,146.2,123.8,51.8,16.2,36.2,32.8,96,110.4,7963329.667598801,64.4,23.58,1072,0.96,261532.71922880778,1.598,-5.4,9.064781188964844,-6.026092833732147,6047.575217310926,50,0.9930697933232372,6.56,5.36,1.36
B,5.24,24.05333333,0.244666667,60.2,134.2,0.042,0.18,0.04,153.6,131,50.2,15.2,39,36.8,90,109,7963329.667598801,65,24.12,1076,0.94,265888.94466420443,1.548,-5.2,9.23573112487793,-6.026092833732147,6047.575217310926,50,0.9930893615754153,6.56,5.34,1.36
B,5.2,23.90666667,0.318666667,70.6,146.6,0.096,0.18,0.1,148.4,123.8,50.2,21.2,33.2,32.8,96,110.4,7947379.688925409,64.2,23.74,1080,0.94,264869.27391316433,1.548,-5.2,9.342865943908691,-3.964365784793262,6047.575217310926,50,0.9930599680312793,6.56,5.38,1.36
B,5.273333333,24.02666667,0.222,69.2,145.2,0.132,0.38,0.04,147.4,123.2,52.8,21,32,32.8,104,111,7947379.688925409,65.2,24.18,1074,0.88,269399.8301105845,1.398,-5,9.381689071655273,-3.801832841771618,6047.575217310926,50,0.9930303261004437,6.54,5.34,1.36
D,5.633333333,24.00666667,0.194666667,76,144,0.032,0.08,0.08,153.8,121.8,53,22,36,33.4,80,77.4,7979295.635013875,64.8,23.96,1074,1.82,270281.14940097375,3.736,-5.4,8.77472972869873,-3.8562654300815895,6047.575217310926,50,0.9930599680312793,7.64,5.74,3.42
D,5.593333333,24.04666667,0.231333333,75.8,146.2,0.094,0.2,0.06,146,124.2,53.6,13.2,37.4,35.6,80,93.4,8019280.504288462,65.2,23.62,1060,1.82,259512.12694842013,3.736,-5.6,8.868083953857422,-3.5948882435183926,6047.575217310926,46,0.9930893615754153,7.68,5.7,3.38
X,5.26,23.95333333,0.230666667,65.2,140,0.056,0.02,0.04,155.4,127.8,44.4,22,37.4,35.4,84,109.4,7955352.679669319,69,23.78,1074,1.04,263270.89188536507,1.798,-5,9.261509895324707,-4.133273715924699,6047.575217310926,44,0.9930893615754153,6.56,5.36,1.62
B,5.346666667,23.92,0.181333333,69.2,143.8,0.108,0.36,0.04,167.8,131.2,44.2,24.2,40.2,37.8,102,110.2,7955352.679669319,67.4,23.82,1076,0.96,267934.16278522206,1.596,-5.4,9.299317359924316,-4.158083265401544,6047.575217310926,44,0.9930991047652858,6.5,5.48,1.32
B,5.246666667,23.96666667,0.202666667,75,149.34,0.09,0.32,0.1,152,130.2,44,13.4,40.6,36,104,110.2,7971310.652713704,65.6,23.56,1078,0.94,265306.0358015828,1.548,-5.8,9.399179458618164,-4.4138512519199695,6047.575217310926,44,0.9930991047652858,6.56,5.38,1.34
B,5.42,24.04,0.216,74,147.4,0.062,0.3,0.04,145.6,124.2,51.2,11,37.4,34.6,92,110.2,7963329.667598801,66.8,23.66,1054,1.04,263561.1470063946,1.796,-5.6,9.195426940917969,-4.629110740378574,6047.575217310926,50,0.9930893615754153,6.5,5.46,1.5
B,5.36,23.98,0.216666667,66.8,140.2,0.118,0.42,0.04,124,124.8,50,6.4,32,27.2,92,109.4,7971310.652713704,67,24,1066,1,267056.6812854672,1.696,-5.6,9.225717544555664,-4.570865200584123,6047.575217310926,50,0.9930599680312793,6.52,5.36,1.38
B,5.393333333,24.02666667,0.244666667,68.6,141,0.092,0.42,0.1,147.8,123.8,50.2,20.2,34,33,100,109,7979295.635013875,67.6,23.72,1062,0.96,262980.79667240166,1.598,-5.2,9.252330780029297,-4.430144137039984,6047.575217310926,50,0.9930795911329003,6.5,5.42,1.38
D,5.586666667,24.03333333,0.214666667,73.4,142.6,0.106,0.2,0.12,147.4,125.4,51.6,19.4,36.6,30.8,84,110.4,7963329.667598801,66.8,23.74,1058,1.82,265160.4085284374,3.738,-5.4,8.942230224609375,-4.690903458388554,6047.575217310926,50,0.9930501151412335,7.68,5.7,3.42
D,5.58,24.05333333,0.18,73.4,142.6,0.102,0.08,0.08,0.2,130,44.2,-0.6,0.2,-1.2,110,110.8,507784.6553405025,69,23.88,44,1.76,14318.949077515881,3.61,-5.4,8.9496307373046875,-3.559526106512439,6047.575217310926,50,0.9930795911329003,7.66,5.66,3.42
A,5.48,24.07333333,0.218,68.2,138.6,0.096,0.22,0,145.4,121.4,50.2,23,32.6,31.4,112,109.2,7963329.667598801,67.8,23.86,1074,1.68,271753.21304300404,3.392,-5,8.855744361877441,-4.480654738074834,6047.575217310926,50,0.9930697933232372,7.06,5.58,3.34
B,5.24,23.99333333,0.238666667,62.4,137.6,0.1,0.14,0.12,151,123.6,50.2,25.4,34.4,31.4,96,110.2,7963329.667598801,66,23.54,1064,0.94,262111.47048197399,1.548,-4.8,9.21610164642334,-5.5350576884129,6047.575217310926,50,0.9930402345366552,6.5,5.42,1.44
B,5.34,24,0.19,64.8,137.8,0.052,0.18,0.04,149.2,123.2,50.4,25.2,34.2,30.8,88,110.8,7963329.667598801,66.2,23.6,1064,0.94,290491.3139764659,1.548,-4.8,9.271201133728027,-5.137000311328237,7197.161911225592,50,0.9930501151412335,6.5,5.42,1.44
B,5.373333333,23.92,0.196,65.8,138,0.076,0.08,0.02,146,120.2,49.6,27.4,32.6,30.8,104,107.4,7162697.15386533,66.2,23.56,1056,0.9,218360.83331333948,1.448,-4.8,9.195444107055664,-6.1081434649403645,6047.575217310926,50,0.9930402345366552,6.5,5.4,1.46
D,5.6,24.04,0.216666667,68.4,136.8,0.074,0.12,0.04,151.6,124.8,46,24.8,34.6,32.8,76,106,7963329.667598801,64,23.92,1064,1.78,272638.37012276164,3.638,-5.2,8.855816841125488,-6.1081434649403645,6047.575217310926,46,0.99301042526141,7.68,5.74,3.36
D,5.666666667,23.99333333,0.215333333,71.2,135,0.094,0.38,0.08,0.2,127.6,43.660000000000004,-0.8,0.2,-1.2,114,110,507784.6553405025,65,23.84,42,1.76,14318.949077515881,3.588,-5.8,9.228612899780273,-6.026092833732147,6047.575217310926,44,0.9930501151412335,7.64,5.6,3.42
B,5.246666667,23.96666667,0.376,67.2,142.4,0.066,0.08,0.04,131,125.2,43.6,7,34,32,96,111,7963329.667598801,65.6,23.68,1056,1.06,262256.25823782553,1.846,-6,8.973489761352539,-6.026092833732147,6047.575217310926,44,0.9930697933232372,6.58,5.32,1.5
B,5.393333333,24.06666667,0.238666667,63.4,134.6,0.204,0.14,0.02,0.2,130.8,44,-0.8,0.2,-1.2,127.39999999999998,109.4,507784.6553405025,69,23.68,42,0.68,14318.949077515881,0.902,-5,9.349041938781738,-6.026092833732147,6047.575217310926,50,0.9930501151412335,6.52,5.4,1.44
B,5.213333333,23.94666667,0.198,76.4,149.34,0.122,0.4,0.12,154.4,126,53.4,16.8,33.6,36.8,102,109.4,7987284.614499164,66.2,23.64,1066,0.96,266910.5742883185,1.596,-5,9.27359390258789,-5.170488857148901,6047.575217310926,50,0.99301042526141,6.58,5.3,1.48
B,5.26,23.94666667,0.252,69.6,145.8,0.078,0.14,0,81.8,125.2,51,19.2,4.2,13.6,127.39999999999998,115.2,507784.6553405025,65.8,23.88,668,0.84,14318.949077515881,1.298,-4.8,9.385748863220215,-3.964365784793262,6047.575217310926,50,0.9930203897148375,6.6,5.28,1.38
D,5.526666667,23.95333333,0.242,76.2,146.6,0.128,0.24,0.06,160,122.4,50,26.2,32,35,82,109.6,7955352.679669319,64.6,23.58,1070,1.68,263270.89188536507,3.39,-4.6,8.8735933303833,-3.0641707158561124,6047.575217310926,50,0.99301042526141,7.68,5.56,3.28
D,5.58,23.85333333,0.202,77,147,0.028,0.36,0.04,162.8,126.4,44,27.2,33,36,76,110.6,7955352.679669319,64.4,24.18,1068,1.72,260954.60760806606,3.488,-4.8,8.914931297302246,-4.3360967501614285,6047.575217310926,44,0.9930501151412335,7.68,5.64,3.32
X,5.2,24.00666667,0.202666667,62.6,137.8,0.036,0.18,0.04,0.2,125,45.6,-1,0.2,-1.2,127.39999999999998,116.8,507784.6553405025,69,23.76,38,0.72,14318.949077515881,1.548,-4.6,9.176097869873047,-4.552169988584164,6047.575217310926,44,0.9930203897148375,6.6,5.48,0
X,5.273333333,24.02666667,0.301333333,68.8,145,0.13,0.06,0.06,165.4,125.4,48.2,15.2,36.2,38.4,116,110.2,8003274.565024487,67,23.76,1044,0.54,280519.76162311755,1.766,-5.2,9.100934982299805,-3.5948882435183926,6047.575217310926,44,0.9930303261004437,6.62,5.56,1.52
D,5.5,23.95333333,0.338666667,69.8,140.6,0.02,0.36,0.12,173.2,129.6,50.8,31.8,33.8,37.4,76,98.4,7971310.652713704,65.4,23.84,1048,1.32,258217.31239148672,3.714,-6,9.018855094909668,-4.250038426253072,6047.575217310926,50,0.9930599680312793,7.68,5.5,3.32
B,5.16,23.96666667,0.294666667,64.8,142.2,0.076,0.14,0.04,194.4,122,50,26.4,35.8,42,100,110.4,7979295.635013875,65.8,23.82,1116,0.5,264142.1369726246,1.666,-5.6,8.896832466125488,-4.570865200584123,6047.575217310926,50,0.9930402345366552,6.54,5.24,1.44
B,5.286666667,23.96,0.274,66,140.2,0.19539999999999996,0.1,0.02,185.2,123,49.8,25,35.2,36.6,98,109.6,7971310.652713704,65,23.96,1124,0.52,265014.82123229763,1.716,-5.8,8.820013046264648,-6.026092833732147,6047.575217310926,50,0.9930303261004437,6.52,5.28,1.38
D,5.58,23.92,0.258,68.8,137,0.182,0.2,0.12,178,123.2,46,15.4,34.4,41.6,80,110.2,7963329.667598801,65.8,23.82,1184,1.32,268080.5496213173,3.714,-5.8,8.945804595947266,-6.026092833732147,6047.575217310926,46,0.9930303261004437,7.64,5.64,3.3
D,5.506666667,24.08,0.193333333,77,148.6,0.096,0.04,0.04,156.8,117.6,54,10.4,29.8,36.4,82,100.6,7979295.635013875,65,23.92,1226,1.34,222342.8726437966,3.764,-5.8,8.811297416687012,-4.956377686255752,6047.575217310926,46,0.9930203897148375,7.66,5.62,3.38
B,5.386666667,24.04,0.222666667,66.4,138.2,0.096,0.2,0.04,133.4,122.8,54.8,10.2,21.4,27.8,104,105.8,507784.6553405025,65,23.94,1188,0.46,14318.949077515881,1.566,-5.8,9.369263648986816,-5.63745281738284,6047.575217310926,50,0.9930501151412335,6.6,5.38,1.46
D,5.573333333,24.08666667,0.234,62.8,134.6,0.054,0.06,0.02,177.2,123.6,47.8,20.4,34.8,38,78,110.6,8027289.469697066,63.8,24.32,1184,1.34,269987.2163962617,3.764,-5.6,8.921526908874512,-6.1081434649403645,6047.575217310926,48,0.9930599680312793,7.74,5.62,3.36
C,5.42,24.02666667,0.272666667,62.6,132.6,0.128,0.14,0.04,174.8,124.2,54.6,20,33,40.6,124,111.2,7963329.667598801,64.4,23.72,1180,0.6,278576.1961190853,1.918,-6.2,8.871532440185547,-5.042683002759868,6047.575217310926,50,0.9930303261004437,6.52,5.36,1.62
C,5.253333333,24.09333333,0.360666667,68.2,144.6,0.06,0.14,0.08,143.8,121.8,49.6,14,25.6,34,106,109.4,7963329.667598801,65,23.58,1180,0.6,263125.82429037476,1.918,-6,8.557624816894531,-6.026092833732147,6047.575217310926,50,0.9930402345366552,6.5,5.24,1.62
C,5.22,23.96,0.224666667,64.4,140,0.126,0.4,0.04,170.8,125,50.2,25,28.6,38,116,110.2,7971310.652713704,65,24.16,1178,0.58,267495.24213887885,1.868,-5.8,8.517862319946289,-5.137000311328237,6047.575217310926,50,0.9930697933232372,6.54,5.22,1.62
